beijing_date,events
1902-02-04,1
1903-04-25,11
1903-06-03,14
1903-09-18,11
1904-05-22,1
1904-05-24,13
1904-05-25,7
1904-05-26,4
1905-05-02,41
1908-03-18,7
1908-06-17,2
1909-10-13,1
1909-10-14,2
1909-10-16,3
1909-10-20,1
1912-03-17,31
1912-08-10,3
1913-08-15,19
1914-08-15,2
1915-10-03,94
1915-10-04,183
1915-10-05,40
1916-05-13,13
1916-08-18,20
1916-09-26,17
1917-04-24,1
1917-04-25,5
1918-07-09,9
1918-07-13,70
1918-07-14,15
1918-07-15,8
1918-07-25,19
1918-07-26,21
1918-07-27,52
1918-07-29,10
1918-08-01,29
1918-08-06,46
1918-08-10,12
1918-08-15,1
1918-08-18,5
1919-01-29,8
1922-08-24,38
1922-10-05,13
1923-03-08,2
1923-11-10,6
1924-02-07,1
1925-06-18,25
1925-11-19,24
1925-11-20,2
1925-11-22,8
1926-01-20,21
1926-01-21,14
1926-04-15,11
1926-04-16,15
1926-09-12,23
1926-09-13,36
1926-09-14,27
1926-09-30,17
1927-01-06,6
1927-03-20,16
1927-04-04,43
1927-04-07,15
1927-04-10,4
1927-06-19,73
1927-06-20,15
1927-09-17,2
1927-11-16,11
1927-12-04,1
1928-01-11,27
1928-04-25,10
1928-04-26,90
1928-05-13,64
1928-06-29,51
1928-06-30,21
1928-07-01,43
1928-07-02,2
1928-07-03,9
1928-07-04,12
1928-07-05,86
1928-07-06,205
1928-07-07,43
1928-07-08,159
1928-07-09,25
1928-07-10,214
1928-07-11,4
1928-07-12,46
1928-07-13,123
1928-07-14,70
1928-07-15,77
1928-07-16,1
1928-07-17,76
1928-07-18,229
1928-07-19,59
1928-07-20,1
1928-07-21,13
1928-07-22,274
1928-07-23,210
1928-07-24,13
1928-07-25,21
1928-07-26,9
1928-07-27,28
1928-07-28,4
1928-07-29,55
1928-07-30,160
1928-07-31,43
1928-08-01,151
1928-08-02,113
1928-08-03,148
1928-08-04,78
1928-08-05,182
1928-08-06,322
1928-08-07,99
1928-08-08,37
1928-08-09,32
1928-08-10,108
1928-08-11,24
1928-08-12,22
1928-08-13,105
1928-08-14,20
1928-08-15,24
1928-08-16,37
1928-08-17,55
1928-08-18,66
1970-01-01,536
1970-01-02,192
1970-01-03,15
1970-01-04,41
1970-01-05,26
1970-01-06,96
1970-01-07,14
1970-01-08,189
1970-01-11,3
1970-01-12,5
1970-01-16,29
1970-01-17,11
1970-01-18,39
1970-01-19,2
1970-01-20,7
1970-01-21,55
1970-01-22,38
1970-01-25,1
1970-01-26,3
1970-01-27,1
1970-01-28,17
1970-01-30,10
1970-01-31,66
1970-02-01,85
1970-02-03,80
1970-02-05,3
1970-02-06,37
1970-02-08,1
1970-02-19,2
1970-02-25,15
1970-02-26,8
1970-02-27,33
1970-02-28,3
1970-03-01,11
1970-04-04,6
1970-10-17,13
1971-01-16,1
1971-08-19,20
1971-10-07,2
1972-04-15,13
1973-08-05,14
1973-12-24,5
1974-02-12,4
1974-02-23,15
1975-02-03,2
1977-01-04,1
1977-04-15,60
1978-04-16,1
1979-12-28,8
1980-01-01,1
1980-01-06,33
1980-01-12,8
1980-01-22,12
1980-01-23,7
1980-01-27,28
1980-01-28,35
1980-01-29,2
1980-06-09,2
1981-04-12,15
1981-06-03,6
1981-11-21,8
1982-06-08,7
1984-05-27,25
1985-07-20,13
1986-02-24,1
1986-06-19,10
1987-05-22,32
1987-07-22,5
1987-09-15,1
1988-10-04,2
1989-07-20,11
1990-07-03,24
1992-12-14,4
1993-03-23,2
1994-11-20,14
1995-02-22,1
1996-05-28,30
1997-01-11,4
1997-06-01,7
1997-12-02,13
1999-05-10,3
1999-12-26,3
2000-01-01,25
2000-01-02,8
2000-01-03,6
2000-02-02,32
2000-05-01,9
2000-05-07,3
2000-05-08,2
2000-05-11,2
2000-05-12,11
2000-05-13,2
2000-05-17,26
2001-01-05,24
2001-01-15,12
2001-10-13,11
2001-10-17,6
2001-12-21,4
2003-06-01,7
2004-02-14,11
2004-09-11,3
2004-10-30,12
2005-03-19,12
2005-07-10,32
2005-07-14,46
2005-07-22,4
2005-10-11,6
2005-10-12,16
2005-10-20,4
2006-07-30,4
2006-07-31,32
2006-08-08,69
2007-03-30,17
2007-04-27,3
2007-04-29,1
2007-05-01,2
2008-02-08,24
2008-04-03,9
2008-04-29,1
2008-06-30,4
2009-01-02,9
2009-01-07,66
2009-01-14,13
2009-03-01,1
2009-03-04,1
2009-03-10,2
2009-06-06,1
2010-01-01,497
2010-01-02,147
2010-01-03,73
2010-01-04,38
2010-01-05,24
2010-01-07,4
2010-01-08,20
2010-01-09,25
2010-01-10,4
2010-01-11,22
2010-01-12,30
2010-01-13,3
2010-01-14,4
2010-01-15,10
2010-01-16,48
2010-01-17,27
2010-01-21,57
2010-01-22,1
2010-03-12,1
2010-03-26,3
2010-03-30,2
2010-08-27,40
2010-08-28,41
2010-09-24,19
2011-01-01,1
2011-01-10,5
2011-03-20,1
2011-05-08,7
2011-12-28,14
2011-12-29,4
2012-01-01,215
2012-01-02,62
2012-01-03,63
2012-01-05,1
2012-01-06,2
2012-01-09,9
2012-01-15,5
2012-01-16,42
2012-01-17,47
2012-01-18,65
2012-01-19,58
2012-01-21,6
2012-01-22,38
2012-01-24,1
2012-02-04,1
2012-02-08,9
2012-02-12,18
2012-02-19,1
2012-04-02,1
2012-04-09,6
2012-04-11,17
2012-04-12,6
2012-04-13,1
2012-04-16,16
2012-04-27,3
2012-04-29,4
2012-05-09,16
2012-07-26,7
2012-12-14,8
2013-01-01,80
2013-01-02,5
2013-01-03,100
2013-01-04,18
2013-01-10,16
2013-01-15,1
2013-01-19,1
2013-01-22,1
2013-01-27,9
2013-02-05,10
2013-02-27,4
2013-06-13,1
2013-07-01,2
2013-07-03,6
2013-07-10,3
2013-08-17,13
2013-09-20,6
2013-09-21,7
2014-01-01,79
2014-01-02,117
2014-01-03,5
2014-01-04,19
2014-01-11,50
2014-01-12,9
2014-01-15,68
2014-01-16,12
2014-01-17,81
2014-01-18,73
2014-01-19,59
2014-01-21,4
2014-01-23,9
2014-01-24,18
2014-01-25,3
2014-01-26,5
2014-01-27,66
2014-02-01,2
2014-02-17,8
2014-07-02,29
2014-07-09,4
2014-07-14,1
2014-07-25,5
2014-07-26,10
2014-08-02,4
2014-08-06,14
2014-08-08,2
2014-08-10,2
2014-08-13,3
2014-08-20,3
2014-10-05,20
2014-10-06,13
2014-12-21,12
2015-01-01,349
2015-01-02,140
2015-01-03,178
2015-01-04,60
2015-01-05,15
2015-01-06,8
2015-01-07,22
2015-01-09,2
2015-01-10,3
2015-01-14,4
2015-01-24,3
2015-02-01,1
2015-02-02,78
2015-02-07,5
2015-02-09,1
2015-03-21,14
2015-03-28,3
2015-04-18,1
2015-04-19,4
2015-04-28,1
2015-05-10,3
2015-05-18,8
2015-06-01,1
2015-06-06,1
2015-06-27,1
2015-07-01,1
2015-07-19,1
2015-07-20,4
2015-07-23,35
2015-07-27,4
2015-09-15,7
2015-10-04,2
2015-10-06,3
2015-11-11,1
2015-11-23,2
2015-12-03,1
2015-12-04,1
2015-12-30,59
2016-01-01,140
2016-01-02,192
2016-01-03,19
2016-01-04,1
2016-01-05,11
2016-01-06,111
2016-01-07,19
2016-01-11,5
2016-01-12,16
2016-01-18,1
2016-01-31,35
2016-02-08,3
2016-02-09,48
2016-02-12,5
2016-02-23,1
2016-03-05,52
2016-03-07,42
2016-03-10,6
2016-03-13,5
2016-04-09,2
2016-04-10,30
2016-04-11,13
2016-04-16,2
2016-04-22,24
2016-04-23,45
2016-04-26,13
2016-04-27,27
2016-04-29,13
2016-04-30,40
2016-05-01,67
2016-05-02,5
2016-05-03,8
2016-05-04,5
2016-05-05,44
2016-05-06,4
2016-05-08,3
2016-05-09,2
2016-05-11,20
2016-05-12,1
2016-05-13,4
2016-05-17,2
2016-05-29,1
2016-05-30,14
2016-06-02,6
2016-06-03,1
2016-06-06,20
2016-06-15,60
2016-06-21,2
2016-06-30,55
2016-07-01,40
2016-07-08,1
2016-07-12,3
2016-07-30,16
2016-08-04,3
2016-08-06,17
2016-08-14,30
2016-08-16,8
2016-08-17,27
2016-08-18,2
2016-08-20,25
2016-08-26,26
2016-08-27,28
2016-08-28,23
2016-08-30,43
2016-08-31,37
2016-09-01,70
2016-09-02,27
2016-09-03,99
2016-09-04,94
2016-09-05,5
2016-09-06,63
2016-09-07,21
2016-09-08,24
2016-09-09,7
2016-09-10,35
2016-09-11,12
2016-09-12,159
2016-09-13,102
2016-09-14,2
2016-09-15,2
2016-09-16,28
2016-09-20,67
2016-09-22,2
2016-09-25,6
2016-09-26,3
2016-10-02,1
2016-10-03,28
2016-10-04,56
2016-10-05,1
2016-10-06,21
2016-10-07,17
2016-10-08,46
2016-10-13,34
2016-10-14,68
2016-10-18,13
2016-10-19,1
2016-10-20,2
2016-10-21,4
2016-10-22,4
2016-10-24,2
2016-10-25,12
2016-10-29,4
2016-10-31,1
2016-11-01,1
2016-11-03,4
2016-11-04,1
2016-11-05,1
2016-11-07,14
2016-11-08,5
2016-11-09,18
2016-11-10,2
2016-11-11,9
2016-11-12,1
2016-11-13,3
2016-11-17,27
2016-11-19,20
2016-11-20,32
2016-11-21,17
2016-11-23,1
2016-11-25,2
2016-11-28,25
2016-11-29,8
2016-12-01,103
2016-12-02,1
2016-12-04,12
2016-12-06,4
2016-12-07,1
2016-12-09,3
2016-12-10,2
2016-12-11,136
2016-12-13,6
2016-12-14,125
2016-12-15,8
2016-12-16,9
2016-12-17,21
2016-12-18,11
2016-12-20,1
2016-12-22,7
2016-12-23,1
2016-12-24,2
2016-12-25,2
2016-12-26,6
2016-12-27,2
2016-12-28,3
2016-12-31,3
2017-01-01,127
2017-01-02,18
2017-01-03,1
2017-01-04,16
2017-01-05,83
2017-01-07,4
2017-01-08,9
2017-01-09,26
2017-01-10,2
2017-01-11,4
2017-01-12,8
2017-01-13,4
2017-01-14,1
2017-01-15,1
2017-01-16,1
2017-01-17,23
2017-01-18,1
2017-01-19,3
2017-01-20,1
2017-01-21,9
2017-01-22,31
2017-01-23,1
2017-01-24,1
2017-01-25,2
2017-01-26,12
2017-01-27,7
2017-01-28,2
2017-01-29,1
2017-01-30,20
2017-01-31,2
2017-02-01,6
2017-02-02,16
2017-02-03,26
2017-02-04,21
2017-02-05,3
2017-02-06,4
2017-02-07,4
2017-02-08,15
2017-02-09,6
2017-02-10,57
2017-02-11,4
2017-02-12,11
2017-02-13,9
2017-02-14,83
2017-02-15,36
2017-02-16,64
2017-02-17,73
2017-02-18,55
2017-02-19,144
2017-02-20,35
2017-02-21,68
2017-02-22,11
2017-02-23,61
2017-02-24,106
2017-02-25,149
2017-02-26,58
2017-02-27,100
2017-02-28,9
2017-03-01,3
2017-03-02,14
2017-03-03,10
2017-03-04,29
2017-03-05,18
2017-03-06,6
2017-03-07,14
2017-03-08,24
2017-03-09,14
2017-03-10,18
2017-03-11,5
2017-03-12,21
2017-03-13,18
2017-03-14,49
2017-03-15,14
2017-03-16,18
2017-03-17,22
2017-03-18,25
2017-03-19,35
2017-03-20,34
2017-03-21,33
2017-03-22,79
2017-03-23,74
2017-03-24,202
2017-03-25,100
2017-03-26,65
2017-03-27,77
2017-03-28,44
2017-03-29,311
2017-03-30,68
2017-03-31,58
2017-04-01,79
2017-04-02,262
2017-04-03,292
2017-04-04,286
2017-04-05,74
2017-04-06,97
2017-04-07,311
2017-04-08,563
2017-04-09,404
2017-04-10,470
2017-04-11,365
2017-04-12,325
2017-04-13,434
2017-04-14,815
2017-04-15,889
2017-04-16,1508
2017-04-17,1492
2017-04-18,1835
2017-04-19,3581
2017-04-20,11932
2017-04-21,82245
2017-04-22,29943250
2017-04-23,32801820
2017-04-24,31944529
2017-04-25,30836154
2017-04-26,29765221
2017-04-27,27760631
2017-04-28,26091154
2017-04-29,28919545
2017-04-30,30554542
2017-05-01,32439784
2017-05-02,33479514
2017-05-03,33575189
2017-05-04,33134925
2017-05-05,31952013
2017-05-06,35670299
2017-05-07,37752281
2017-05-08,36786566
2017-05-09,36628194
2017-05-10,36925197
2017-05-11,36338251
2017-05-12,33748980
2017-05-13,36065284
2017-05-14,4228
2017-05-15,182
2017-05-16,213
2017-05-17,127
2017-05-18,114
2017-05-19,80
2017-05-20,148
2017-05-21,132
2017-05-22,258
2017-05-23,135
2017-05-24,285
2017-05-25,149
2017-05-26,139
2017-05-27,187
2017-05-28,107
2017-05-29,29
2017-05-30,120
2017-05-31,77
2017-06-01,49
2017-06-02,24
2017-06-03,6
2017-06-04,18
2017-06-06,84
2017-06-07,70
2017-06-08,38
2017-06-09,142
2017-06-10,26
2017-06-11,8
2017-06-12,7
2017-06-13,52
2017-06-14,87
2017-06-21,20
2017-06-22,19
2017-06-23,80
2017-06-24,5
2017-06-25,4
2017-06-26,40
2017-06-27,27
2017-06-28,112
2017-06-29,65
2017-06-30,36
2017-07-01,38
2017-07-02,67
2017-07-03,17
2017-07-04,26
2017-07-05,99
2017-07-06,54
2017-07-07,27
2017-07-08,149
2017-07-10,5
2017-07-15,9
2017-07-16,3
2017-07-17,40
2017-07-18,16
2017-07-19,40
2017-07-21,42
2017-07-22,62
2017-07-23,2
2017-07-26,16
2017-08-07,10
2017-08-10,21
2017-08-11,17
2017-08-12,17
2017-08-13,3
2017-08-14,12
2017-08-15,20
2017-08-16,50
2017-08-18,111
2017-08-19,27
2017-08-20,25
2017-08-24,37
2017-08-25,3
2017-08-27,36
2017-08-28,1
2017-08-30,15
2017-08-31,2
2017-09-02,44
2017-09-03,56
2017-09-04,24
2017-09-05,119
2017-09-06,44
2017-09-07,105
2017-09-08,150
2017-09-09,43
2017-09-10,53
2017-09-11,116
2017-09-12,96
2017-09-13,109
2017-09-14,159
2017-09-20,2
2017-09-22,47
2017-09-26,1
2017-10-10,37
2017-10-27,19
2017-11-05,8
2017-11-06,3
2017-11-08,7
2017-11-09,1
2017-11-11,39
2017-11-12,7
2017-11-15,1
2017-11-17,22
2017-11-25,6
2017-11-29,3
2017-12-24,7
2017-12-30,59
2018-01-02,2
2018-01-03,6
2018-01-11,2
2018-01-13,14
2018-01-24,12
2018-01-25,4
2018-02-02,3
2018-02-05,14
2018-02-24,1
2018-03-02,1
2018-03-07,12
2018-03-12,50
2018-03-13,2
2018-03-15,6
2018-03-16,4
2018-03-23,2
2018-03-26,9
2018-04-03,4
2018-04-11,37
2018-04-15,28
2018-04-26,74
2018-04-27,117
2018-04-28,6
2018-05-02,7
2018-05-07,6
2018-05-08,2
2018-05-14,2
2018-06-03,9
2018-06-09,5
2018-06-10,2
2018-06-12,1
2018-06-15,10
2018-06-16,11
2018-07-09,4
2018-07-10,3
2018-07-17,225
2018-07-18,18
2018-07-19,121
2018-07-20,163
2018-07-21,32
2018-07-22,10
2018-07-30,3
2018-07-31,4
2018-08-03,11
2018-08-04,35
2018-08-10,35
2018-08-11,6
2018-08-12,124
2018-08-13,69
2018-08-14,36
2018-08-15,11
2018-08-16,38
2018-08-17,38
2018-08-18,52
2018-08-19,86
2018-08-20,39
2018-08-21,2
2018-08-22,17
2018-08-24,61
2018-08-25,15
2018-08-28,35
2018-08-29,53
2018-09-01,3
2018-09-05,24
2018-09-06,14
2018-09-07,3
2018-09-08,56
2018-09-09,10
2018-09-10,15
2018-09-11,102
2018-09-12,33
2018-09-13,64
2018-09-14,106
2018-09-15,60
2018-09-16,9
2018-09-17,32
2018-09-18,25
2018-09-20,80
2018-09-21,11
2018-09-22,8
2018-09-23,58
2018-09-24,341
2018-11-09,1
2018-11-11,17
2018-11-14,59
2018-11-15,43
2018-11-16,32
2018-11-17,7
2018-11-18,27
2018-11-19,25
2018-11-20,13
2018-11-21,2
2018-12-17,122
2019-02-07,22
2019-02-11,28
2019-02-12,17
2019-03-21,6
2019-04-01,34
2019-04-07,7
2019-04-17,37
2019-04-18,87
2019-04-23,1
2019-05-04,1
2019-05-11,1
2019-05-25,139
2019-05-26,1
2019-06-02,32
2019-06-13,3
2019-07-01,3
2019-07-02,1
2019-07-13,4
2019-07-21,1
2019-08-01,2
2019-08-10,1
2019-08-12,13
2019-08-13,14
2019-08-14,119
2019-08-15,86
2019-08-16,47
2019-08-17,50
2019-08-18,7
2019-08-19,13
2019-08-20,2
2019-08-21,188
2019-08-22,1
2019-08-23,178
2019-08-24,5
2019-08-25,48
2019-08-26,165
2019-08-27,29
2019-08-28,7
2019-08-29,1
2019-08-30,4
2019-09-03,67
2019-09-05,10
2019-09-07,11
2019-09-08,12
2019-09-09,39
2019-09-10,401
2019-09-11,43
2019-09-12,110
2019-09-13,46
2019-09-14,15
2019-09-15,187
2019-09-16,40
2019-09-17,12
2019-09-18,28
2019-09-19,10
2019-09-20,2
2019-09-21,50
2019-09-22,234
2019-09-23,89
2019-09-24,47
2019-10-05,8
2019-10-06,15
2019-10-07,21
2019-10-09,42
2019-11-12,1
2019-11-19,68
2019-11-21,40
2020-01-15,1
2020-01-21,36
2020-01-25,25
2020-02-14,4
2020-02-15,13
2020-02-23,3
2020-02-24,1
2020-02-25,31
2020-02-26,4
2020-03-02,1
2020-03-04,9
2020-03-09,3
2020-03-10,101
2020-03-20,66
2020-03-25,8
2020-04-04,20
2020-04-05,3
2020-04-06,111
2020-04-14,4
2020-04-16,15
2020-06-16,121
2020-06-17,37
2020-06-22,14
2020-06-23,21
2020-08-05,2
2020-08-07,1
2020-08-11,3
2020-08-13,12
2020-08-14,30
2020-08-15,8
2020-08-16,27
2020-08-17,192
2020-08-18,38
2020-08-19,9
2020-08-21,22
2020-08-24,12
2020-08-26,7
2020-08-28,76
2020-08-29,11
2020-08-30,2
2020-08-31,8
2020-09-01,76
2020-09-02,27
2020-09-03,13
2020-09-04,19
2020-09-05,13
2020-09-06,14
2020-09-07,174
2020-09-08,79
2020-09-09,8
2020-09-10,36
2020-09-11,32
2020-09-12,19
2020-09-13,30
2020-09-14,2
2020-09-15,153
2020-09-16,23
2020-09-17,3
2020-09-18,8
2020-09-20,64
2020-09-21,61
2020-09-22,31
2020-12-06,65
2020-12-24,21
2021-06-12,3
2021-07-06,9
2021-08-10,2
2021-08-13,1
2021-08-14,7
2021-08-15,49
2021-08-16,8
2021-08-17,35
2021-08-18,6
2021-08-21,6
2021-08-22,6
2021-08-23,12
2021-08-24,77
2021-08-26,41
2021-08-27,65
2021-08-28,3
2021-08-29,146
2021-09-01,1
2021-09-02,1
2021-09-03,22
2021-09-06,55
2021-09-07,6
2021-09-10,1
2021-09-11,101
2021-09-12,7
2021-09-13,32
2021-09-14,307
2021-09-15,213
2021-09-16,74
2021-09-19,109
2021-09-20,23
2021-09-21,45
2021-09-22,8
2021-10-31,2
2022-01-29,21
2022-05-18,8
2022-08-11,93
2022-08-14,74
2022-08-16,25
2022-08-17,3
2022-08-19,2
2022-08-20,36
2022-08-21,5
2022-08-22,11
2022-08-23,1
2022-08-24,7
2022-08-25,7
2022-08-27,116
2022-08-28,6
2022-08-29,27
2022-09-01,87
2022-09-02,215
2022-09-03,35
2022-09-06,5
2022-09-13,56
2022-09-14,51
2022-09-16,5
2022-09-18,198
2022-09-19,8
2022-09-20,6
2022-09-21,13
2023-02-16,1
2023-06-04,29
2023-09-02,9
2023-09-08,5
2023-09-11,1
2023-09-12,40
2023-09-13,1
2023-09-16,5
2023-12-06,54
2024-02-27,3
2024-07-24,9
2024-07-25,10
2024-07-29,7
2024-07-30,1
2024-07-31,19
2024-08-02,5
2024-08-09,22
2024-08-10,98
2024-08-11,126
2024-08-12,120
2024-08-13,98
2024-08-14,48
2024-08-15,6
2024-08-16,197
2024-08-17,12
2024-08-18,130
2024-08-19,52
2024-08-20,108
2024-08-21,83
2024-08-22,58
2024-08-23,9
2024-08-24,54
2024-08-25,222
2024-08-26,153
2024-08-27,110
2024-08-28,18
2024-08-29,275
2024-08-30,96
2024-08-31,42
2024-09-01,250
2024-09-02,164
2024-09-03,114
2024-09-04,64
2024-09-05,63
2024-09-06,33
2024-09-07,142
2024-09-08,34
2024-09-09,228
2024-09-10,315
2024-09-11,150
2024-09-12,126
2024-09-13,207
2024-09-14,48
2024-09-15,82
2024-09-16,7
2024-09-17,184
2024-09-18,45
2024-09-19,41
2024-09-20,1
2024-09-22,56
2024-09-23,63
2025-06-28,3
2025-08-11,35
2025-08-12,2
2025-08-15,15
2025-08-20,201
2025-08-23,23
2025-08-25,1
2025-09-02,12
2025-09-14,4
2025-09-17,67
2025-09-18,91
2025-09-20,62
2026-04-14,154
2026-04-15,242
2026-11-18,180
2027-01-03,1
2027-01-06,95
2027-01-26,3
2027-03-16,11
2029-11-25,10
2029-11-28,57
2029-11-29,1
2029-11-30,7
2029-12-01,70
2031-02-05,17
2032-10-09,4
2032-11-26,295
2033-06-24,1
2033-07-09,1
2034-04-17,13
2034-05-09,1
2034-09-19,9
2035-01-09,2
2035-01-10,27
2036-07-11,17
